1.53612615740531e-07,0.00305356555798052,0.0121614600963706,0.00618157737618064,1.45437711643526e-05,7.8878170030194e-06,0.000256756846468494,0.0197021307584012,0.826979663847877,0.131642260315938
0.0751196590108788,0.0244510610194969,0.0167016337455374,0.000931910227136505,2.25978460095236e-05,1.95347796618782e-05,3.65122880838561e-06,2.39052570746524e-05,0.145820483709994,0.736905563175402
0.692521099163663,0.085797888539593,0.00159844651280571,3.85582161973544e-06,9.30103435735384e-06,9.14581330672672e-06,9.58848634533285e-06,6.89948255175489e-06,0.00081103228296906,0.219232742862788
0.0735432794553391,0.664143861909521,0.198007912216803,0.000413284840836391,2.72370950465719e-05,2.2444792715875e-05,8.96834094835133e-07,0.000409934668004124,0.0167458364446027,0.0466853117430364
0.0828600717656063,0.382154068993762,0.287526839525772,0.014619331335158,5.92050671379286e-05,3.39660858221281e-05,0.000175535481843152,0.00532924257172042,0.0804912152998539,0.146750523873324
0.000311697163507635,0.0429147025837534,0.741923548322708,0.163346562027432,2.10260331434635e-05,2.2614365162746e-07,0.00239736958250843,0.00848514814795955,0.0278263253245446,0.012773394670791
1.71222374740259e-05,1.59134952926993e-07,0.0939270236043633,0.817424490088594,4.48919944369183e-08,0.0146348505346072,0.0355664074045042,0.0207568155646023,0.0166875266570524,0.000985559881855775
1.87201425293179e-05,2.18010353083604e-05,1.57387919033674e-05,0.276740325070159,0.574572539393914,0.143492298836947,0.0051193877729825,2.17196089362275e-07,6.2444806043305e-07,1.83473121061091e-05
2.01729180645202e-05,2.25562604986346e-05,9.56838702032753e-06,0.0357160958446918,0.0991371441934003,0.723359820539898,0.1415611144596,0.000154598248919415,2.68143770076383e-07,1.8661004137471e-05
2.38507647851652e-05,1.86317162817315e-05,0.000866024564458637,0.0387156434255,0.000282432390063798,0.1255420032466,0.771140898314324,0.059678902079164,0.00372321793354987,8.3955652724044e-06
1.98326111473804e-05,2.08515369126268e-06,0.00449844036569565,0.0200850588544081,1.21747443564852e-05,0.000337771455321549,0.155110027687189,0.74217662819249,0.077757792946885,1.87988815590261e-07
0.000148006972316929,0.0100307862218551,0.0616708369623994,0.0525259777751927,3.91997324012687e-05,1.76391941790325e-07,0.0118500670923082,0.179611667527157,0.622444807740268,0.0616784735841598
0.289433690271392,0.549769675845038,0.0533817369297574,7.4014894877714e-07,2.97629200294659e-05,2.67871824478937e-05,1.18568155776783e-05,2.35077177707477e-05,0.014096884085587,0.0932253580834513
1,-0,0,0,0,0,0,0,0,0
0,1,-0,0,0,0,0,0,0,0
0,0,1,-0,0,0,0,0,0,0
0,0,0,1,-0,0,0,0,0,0
0,0,0,0,1,0,0,0,0,0
0,0,0,0,0,1,0,0,0,0
0,0,0,0,0,0,1,-0,0,0
0,0,0,0,0,0,0,1,-0,0
0,0,0,0,0,0,0,0,1,-0
-0,0,0,0,0,0,0,0,0,1
0.909090909090909,0.0909090909090911,0,0,0,0,0,0,0,0
0.818181818181818,0.181818181818182,0,0,0,0,0,0,0,0
0.727272727272728,0.272727272727273,0,0,0,0,0,0,0,0
0.636363636363636,0.363636363636364,0,0,0,0,0,0,0,0
0.545454545454545,0.454545454545455,0,0,0,0,0,0,0,0
0.454545454545455,0.545454545454545,0,0,0,0,0,0,0,0
0.363636363636364,0.636363636363636,0,0,0,0,0,0,0,0
0.272727272727273,0.727272727272727,0,0,0,0,0,0,0,0
0.181818181818181,0.818181818181819,0,0,0,0,0,0,0,0
0.0909090909090911,0.909090909090909,0,0,0,0,0,0,0,0
0,0.909090909090909,0.0909090909090912,0,0,0,0,0,0,0
0,0.818181818181818,0.181818181818182,0,0,0,0,0,0,0
0,0.727272727272727,0.272727272727273,0,0,0,0,0,0,0
0,0.636363636363636,0.363636363636364,0,0,0,0,0,0,0
0,0.545454545454545,0.454545454545455,0,0,0,0,0,0,0
0,0.454545454545455,0.545454545454545,0,0,0,0,0,0,0
0,0.363636363636364,0.636363636363636,0,0,0,0,0,0,0
0,0.272727272727273,0.727272727272727,0,0,0,0,0,0,0
0,0.181818181818182,0.818181818181818,0,0,0,0,0,0,0
0,0.0909090909090912,0.909090909090909,0,0,0,0,0,0,0
0,0,0.909090909090909,0.0909090909090909,0,0,0,0,0,0
0,0,0.818181818181818,0.181818181818182,0,0,0,0,0,0
0,0,0.727272727272727,0.272727272727273,0,0,0,0,0,0
0,0,0.636363636363636,0.363636363636364,0,0,0,0,0,0
0,0,0.545454545454545,0.454545454545455,0,0,0,0,0,0
0,0,0.454545454545455,0.545454545454545,0,0,0,0,0,0
0,0,0.363636363636364,0.636363636363636,0,0,0,0,0,0
0,0,0.272727272727273,0.727272727272727,0,0,0,0,0,0
0,0,0.181818181818181,0.818181818181819,0,0,0,0,0,0
0,0,0.0909090909090908,0.909090909090909,0,0,0,0,0,0
0,0,0,0.909090909090909,0.090909090909091,0,0,0,0,0
0,0,0,0.818181818181818,0.181818181818182,0,0,0,0,0
0,0,0,0.727272727272727,0.272727272727273,0,0,0,0,0
0,0,0,0.636363636363636,0.363636363636364,0,0,0,0,0
0,0,0,0.545454545454545,0.454545454545455,0,0,0,0,0
0,0,0,0.454545454545455,0.545454545454545,0,0,0,0,0
0,0,0,0.363636363636364,0.636363636363636,0,0,0,0,0
0,0,0,0.272727272727273,0.727272727272727,0,0,0,0,0
0,0,0,0.181818181818182,0.818181818181818,0,0,0,0,0
0,0,0,0.0909090909090905,0.90909090909091,0,0,0,0,0
0,0,0,0,0.909090909090909,0.0909090909090909,0,0,0,0
0,0,0,0,0.818181818181818,0.181818181818182,0,0,0,0
0,0,0,0,0.727272727272727,0.272727272727273,0,0,0,0
0,0,0,0,0.636363636363636,0.363636363636364,0,0,0,0
0,0,0,0,0.545454545454545,0.454545454545455,0,0,0,0
0,0,0,0,0.454545454545455,0.545454545454545,0,0,0,0
0,0,0,0,0.363636363636364,0.636363636363636,0,0,0,0
0,0,0,0,0.272727272727273,0.727272727272727,0,0,0,0
0,0,0,0,0.181818181818182,0.818181818181818,0,0,0,0
0,0,0,0,0.0909090909090911,0.909090909090909,0,0,0,0
0,0,0,0,0,0.909090909090909,0.0909090909090907,0,0,0
0,0,0,0,0,0.818181818181818,0.181818181818182,0,0,0
0,0,0,0,0,0.727272727272727,0.272727272727273,0,0,0
0,0,0,0,0,0.636363636363636,0.363636363636364,0,0,0
0,0,0,0,0,0.545454545454546,0.454545454545454,0,0,0
0,0,0,0,0,0.454545454545454,0.545454545454546,0,0,0
0,0,0,0,0,0.363636363636364,0.636363636363636,0,0,0
0,0,0,0,0,0.272727272727273,0.727272727272727,0,0,0
0,0,0,0,0,0.181818181818182,0.818181818181818,0,0,0
0,0,0,0,0,0.0909090909090908,0.909090909090909,0,0,0
0,0,0,0,0,0,0.909090909090909,0.0909090909090909,0,0
0,0,0,0,0,0,0.818181818181818,0.181818181818182,0,0
0,0,0,0,0,0,0.727272727272727,0.272727272727273,0,0
0,0,0,0,0,0,0.636363636363636,0.363636363636364,0,0
0,0,0,0,0,0,0.545454545454545,0.454545454545455,0,0
0,0,0,0,0,0,0.454545454545454,0.545454545454546,0,0
0,0,0,0,0,0,0.363636363636364,0.636363636363636,0,0
0,0,0,0,0,0,0.272727272727273,0.727272727272727,0,0
0,0,0,0,0,0,0.181818181818182,0.818181818181818,0,0
0,0,0,0,0,0,0.0909090909090909,0.909090909090909,0,0
0,0,0,0,0,0,0,0.909090909090909,0.090909090909091,0
0,0,0,0,0,0,0,0.818181818181818,0.181818181818182,0
0,0,0,0,0,0,0,0.727272727272727,0.272727272727273,0
0,0,0,0,0,0,0,0.636363636363636,0.363636363636364,0
0,0,0,0,0,0,0,0.545454545454545,0.454545454545455,0
0,0,0,0,0,0,0,0.454545454545455,0.545454545454545,0
0,0,0,0,0,0,0,0.363636363636364,0.636363636363636,0
0,0,0,0,0,0,0,0.272727272727273,0.727272727272727,0
0,0,0,0,0,0,0,0.181818181818182,0.818181818181818,0
0,0,0,0,0,0,0,0.0909090909090909,0.909090909090909,0
0,0,0,0,0,0,0,0,0.909090909090909,0.0909090909090908
0,0,0,0,0,0,0,0,0.818181818181818,0.181818181818182
0,0,0,0,0,0,0,0,0.727272727272727,0.272727272727273
0,0,0,0,0,0,0,0,0.636363636363636,0.363636363636364
0,0,0,0,0,0,0,0,0.545454545454545,0.454545454545455
0,0,0,0,0,0,0,0,0.454545454545455,0.545454545454545
0,0,0,0,0,0,0,0,0.363636363636364,0.636363636363636
0,0,0,0,0,0,0,0,0.272727272727273,0.727272727272727
0,0,0,0,0,0,0,0,0.181818181818182,0.818181818181818
0,0,0,0,0,0,0,0,0.0909090909090907,0.909090909090909
0.0909090909090909,0,0,0,0,0,0,0,0,0.909090909090909
0.181818181818182,0,0,0,0,0,0,0,0,0.818181818181818
0.272727272727272,0,0,0,0,0,0,0,0,0.727272727272728
0.363636363636363,0,0,0,0,0,0,0,0,0.636363636363636
0.454545454545454,0,0,0,0,0,0,0,0,0.545454545454546
0.545454545454545,0,0,0,0,0,0,0,0,0.454545454545455
0.636363636363636,0,0,0,0,0,0,0,0,0.363636363636364
0.727272727272727,0,0,0,0,0,0,0,0,0.272727272727273
0.818181818181818,0,0,0,0,0,0,0,0,0.181818181818182
0.909090909090909,0,0,0,0,0,0,0,0,0.0909090909090912
0.0138191695396263,0.0182375065373622,0.0226698737524007,0.00362137257458871,2.30435663614811e-05,1.68436774875281e-05,4.61645313366713e-07,0.00130899018269859,0.386942789200346,0.553359949323815
2.12236408090266e-05,2.18852581813956e-05,6.07620388527011e-06,0.609515235845582,0.311189275726913,0.0643606135043023,0.0142067516927391,0.00066088661660976,8.03966166624267e-06,1.00118493120309e-05
2.81957529001236e-05,2.58577612505601e-05,1.36089691515045e-06,0.0647982705131254,0.014596170793177,0.436623904813401,0.475509513891496,0.00722733397761689,0.00117460767121089,1.47839289067599e-05
0.00296733120234939,0.133120615432951,0.695129737966928,0.0830466435180582,3.2716058902379e-05,6.44832287083511e-06,0.00205758781973458,0.0101295840798935,0.0448914121724635,0.0286179234258491
0.21904167077397,0.747088431049989,0.0149531029938565,6.16428890032222e-07,1.03939513671078e-05,9.86956951382619e-06,7.97440676317846e-06,5.53722028547716e-07,0.00268862575767509,0.0161987613459464
0.810039165047287,0.114840194191873,2.1163984630523e-07,5.29579357065406e-06,4.69201687852773e-06,4.65240906331288e-06,5.46924911513254e-06,6.98679644103478e-06,2.35555694107728e-07,0.0750930973002312
0.0177556810632573,0.559448123051949,0.38138265422588,0.00124515985863268,2.09268960136467e-05,1.58044749850939e-05,4.01948533740171e-07,0.000833735092405176,0.0143362908628376,0.0249612225255061
0.000385896830113576,0.315309783610235,0.67984233537196,3.31089036206819e-08,4.26685502436183e-06,3.59807128629088e-06,2.92823176318815e-07,0.000206414526635837,0.00204899674801315,0.00219838205465115
3.00662904030555e-07,0.0374880210748664,0.869739495727644,0.0798303957494746,9.62100711561893e-06,4.52073517711481e-06,0.000339439071747932,0.00186365833746501,0.00715624563844199,0.00356830199516331
0.0171617116079433,0.743184291645284,0.22327531217107,1.16096380711262e-07,1.07977502801836e-05,9.62082822641207e-06,3.29691356898428e-06,6.88245053740285e-05,0.00451461522846392,0.0117714132534088
1.69900370724624e-05,9.12855551969537e-07,0.0243484681550253,0.901871218656197,0.0122431815229531,0.0177580129458866,0.0263430037668628,0.0105311749108111,0.00673141101383182,0.000155626135807844
2.25823524839003e-07,0.00225414730076013,0.42029571746182,0.522254257269612,7.04488198475443e-06,0.000315225796471622,0.0103357652508916,0.0152728318593873,0.0244412886029996,0.00482349575254869
0.404596802481738,0.583117707393109,0.00254927041997659,3.35800837342229e-06,5.31307473365895e-06,5.16506897821986e-06,5.12101788851498e-06,3.37788360880673e-06,0.000844664623295987,0.00886922002829839
0.465443990596305,0.374098970776728,0.0214033632312699,3.34522925968356e-07,2.53351541355852e-05,2.36565875725455e-05,1.51986844014247e-05,6.66569092874125e-07,0.00932035963408382,0.129668124243485
0.0603657958613103,0.86392305713684,0.0637495393990751,2.70790731884003e-07,8.70972413999222e-06,8.14510737464733e-06,5.8218913002535e-06,8.79452332194907e-06,0.00256842128870414,0.00936144427720207
0.133682699034994,0.847364799789753,0.0125293731173498,1.040678682573e-06,5.14163979075584e-06,4.96143104945696e-06,4.63594965981453e-06,1.01996030879194e-06,0.00100757409902863,0.0053987542993827
0.756813414537054,0.21452553452832,2.08455271360335e-05,4.39858388352315e-06,3.72629078766005e-06,3.68810129727488e-06,4.31357467510025e-06,5.63768059740192e-06,3.30244559423825e-05,0.028585416720307
0.0013535617033494,0.49508955069355,0.497057712816128,8.52497661415186e-06,5.60074799269966e-06,4.81022476622578e-06,6.38689279195897e-07,0.000164933152851067,0.00258166976095795,0.00373299723451165
1.57784287047298e-05,0.13556537408503,0.858539237789553,0.00182480045091708,4.17771982203986e-06,3.24746268585761e-06,1.68331491925467e-05,0.000384435786427979,0.00217034862690482,0.0014757665007615
7.25801595090125e-08,0.00936671701495489,0.840826043662318,0.144164023285308,5.11500405288106e-06,2.63840518261405e-06,0.000177811263107282,0.000919209949428971,0.00317566300740072,0.0013627058280877
9.68514149339007e-08,0.054184639527341,0.926888982949842,0.0136192895815207,4.95862839039956e-06,3.26749845619574e-06,7.43415301998615e-05,0.000658295436656026,0.00293488974750963,0.00163123824866922
0.00446216494448984,0.673492882232059,0.314992155699279,2.93473080056852e-07,5.73205145563184e-06,5.16568983514472e-06,2.31732289602012e-06,5.04226022809023e-05,0.00218849483667805,0.00480037114794661
4.51380637344696e-06,4.68874277192739e-07,0.138766439032657,0.853060771742236,3.09213530155861e-09,0.000461220650446661,0.00305870210101517,0.00230660928582624,0.00219761331725086,0.000143658097781836
7.51770740966308e-06,0.000237471473372776,0.236835928699137,0.699413926269876,1.37677808859133e-08,0.00305078970341445,0.018549114659528,0.0181375556318484,0.0211782344268773,0.00258944766075613
3.25224026140215e-06,7.03569808544682e-05,0.491923981047199,0.493765732873597,6.0335446288792e-06,5.48962078679907e-08,0.00228346829846506,0.00391905277183628,0.00671296376114851,0.0013151035858006
0.314774008783393,0.675557868764652,0.00315199057408927,2.3712366892747e-06,4.24284428287517e-06,4.10397233797604e-06,3.94347401364307e-06,2.1926287040843e-06,0.000777126066073688,0.00572215165576406
0.0473132963199561,0.9315761453144,0.0183828949036937,8.24586906683859e-07,3.17191183789335e-06,3.07563598805701e-06,3.02030346287507e-06,9.70643113001506e-07,0.000545893917419276,0.00217070646322216
0.0165666453453406,0.84040685347874,0.136944457076228,1.28770182239126e-07,5.35485971931e-06,5.02785886054178e-06,3.44117236333885e-06,2.81880404522715e-06,0.00152048408617119,0.0045447885483499
0.675918491854457,0.310416208405115,0.000219728678477691,3.58576821554466e-06,3.51990471420539e-06,3.4720493858468e-06,3.945204446994e-06,4.67456354868928e-06,0.000142275762627545,0.013284097809011
0.000460855243270712,0.406250550292456,0.588671184285465,3.63287388047472e-05,4.37718859961995e-06,3.73501354943114e-06,5.19890327034054e-07,0.00017576194362104,0.00202141516765057,0.00237527223625534
2.66147716689973e-07,0.0020887505558472,0.765699944841977,0.228518587469513,3.65423447978922e-06,1.99792073378691e-06,0.000157590953189304,0.00068173789075038,0.00207582676206932,0.000771643223723856
0.0014750491543177,0.587070114369016,0.407081834386812,4.89902113702234e-08,4.13041572731806e-06,3.73764276289843e-06,1.659914444235e-06,5.62378844364816e-05,0.00154008650359069,0.00276710073868156
3.38853013114746e-06,2.59165084819721e-07,0.226323942772621,0.768647644427324,1.46199668786874e-06,6.04315189934075e-05,0.00157669622746755,0.0015313693194959,0.00170341170720411,0.000151394334989568
3.26096944653297e-06,3.05394283460692e-08,0.406093174723369,0.587658646164013,3.46773532360285e-06,6.24128975644735e-08,0.00118268808720358,0.00182471587071275,0.00279805208927798,0.00043590140832724
2.4007631093407e-06,9.11614054615551e-05,0.586451412834542,0.407344991236324,4.20929654895447e-06,1.14456546035887e-07,0.000690201354649342,0.00153578367805429,0.00312847750334118,0.000751247471423937
0.328276630600978,0.623766189513817,0.0152603679450703,4.3853638734238e-07,1.37366775786436e-05,1.30084130410658e-05,1.0089305329395e-05,6.21733069901416e-07,0.00373499130627688,0.0289239259684514
1.81912089273196e-07,0.0108216505595706,0.602257817963742,0.334293791890016,1.52966980784135e-05,7.25936703887436e-08,0.00526953230472776,0.0118648710969668,0.0270998688746009,0.00837691610653797
1.64313735740986e-06,0.000279104188462675,0.678282262294581,0.317532416506573,3.35750311388823e-06,1.4985105299147e-06,0.000304289749181736,0.000877772910852881,0.00210960743167285,0.000608047767674103
0.0131386453389433,0.239148855406894,0.574866726014006,0.043824564188042,4.43248976479137e-05,1.4334620375027e-05,0.00121042595230784,0.00957298532285238,0.0619231953391439,0.0562559429197872
0.496961119467928,0.495048154628534,0.000863659280998881,3.31428808016081e-06,3.78395241523883e-06,3.70788032217306e-06,3.95224990244382e-06,3.77188332621788e-06,0.000412226051974833,0.00669631031651832
0.586558028845404,0.402978543502102,0.000320104602015449,3.37304320242234e-06,3.55080955338974e-06,3.49876927359942e-06,3.9194313436056e-06,4.34321916241719e-06,0.0002134223183219,0.00991121545962105
5.5212682065649e-06,5.31334433560668e-06,0.000278326054830668,0.00419557989266168,2.37140144120529e-06,0.00124013122920724,0.677704029834817,0.315396360333667,0.0011685214762525,3.84516458069467e-06
2.9792604298094e-06,1.65495002624673e-07,0.316273153142368,0.679794950520156,2.47022260429385e-06,1.9492270517165e-08,0.000873335403256102,0.00119836601409851,0.00164573619217544,0.000208824257638407
7.6568471823529e-06,1.29460001078449e-07,0.203164172909126,0.768351822820405,1.41381815060785e-08,0.00137436743457297,0.00896605889343684,0.00812336267548837,0.00905944833158145,0.000952966490024167
0.457548573050756,0.48033852039771,0.00932029697162914,4.71280742030701e-07,1.48728472562207e-05,1.42408970754482e-05,1.18400303885084e-05,9.30874343523828e-07,0.00352697604518436,0.0492232776049144
0.613033925060822,0.341468030268605,0.00215652988753618,3.91667784425382e-06,9.30378650227953e-06,9.09833957301682e-06,9.29032436336957e-06,6.43734003668939e-06,0.00105311481406278,0.0422503535006545
6.16205978122598e-07,0.0141696365470907,0.74521545557228,0.216411676731575,1.25625634410483e-05,3.62839444983935e-07,0.00137023023298364,0.00449693369146568,0.0131624709620825,0.00516005465365787
1.21229850373874e-07,0.00426513874280654,0.634714592210895,0.338939231315135,1.00174754430195e-05,9.38011252274803e-08,0.00196459996188661,0.00491874665110986,0.0116256594364389,0.00356179917530944
5.49920702623625e-06,0.000125074127590132,0.328465688736212,0.642385543443679,4.00403427904769e-06,0.000404619065826305,0.00704498476749402,0.00844039842894764,0.0114455430918131,0.00167864509713211
2.89817836234535e-05,1.29463362443795e-05,0.00432915140414735,0.0437359984293224,2.66858102054753e-07,0.0129368481525867,0.540376918614218,0.379517619940799,0.0190608002711898,4.68209766413174e-07
0.14848123636951,0.0350828945943636,0.0186107202995143,0.000651056435398756,2.52458155818641e-05,2.22339633824884e-05,6.19819272277338e-06,1.4310468745047e-06,0.0857993217663399,0.711319661516311
6.45071596041758e-06,4.55122899822885e-06,0.000542018866585237,0.00264609191638414,5.18306500602333e-06,1.28312195352296e-07,0.0598715540162726,0.884688813116604,0.0522338014907653,1.40727122846213e-06
2.69735608975671e-05,9.02345801215001e-06,0.00514072615139122,0.0368360880652037,6.6156647748114e-06,0.00519846718845825,0.408785799506277,0.512810577355104,0.031185299737734,4.29312147817139e-07
1.03475436888832e-05,5.83810066632049e-06,0.00134755833991938,0.00723766384637659,7.04932569699282e-06,5.96196774015959e-05,0.221449860268346,0.75012537916406,0.0197556404900485,1.04324379571536e-06
0.0552636978878739,0.0027603552887739,0.0016658784884462,2.98624688413261e-06,5.72839499547829e-06,5.54620553945876e-06,4.99753647752096e-06,5.99493316123449e-07,0.0531355821775203,0.887154628280173
0.453068541529891,0.0610847047088179,0.0114557895573663,1.47571125708947e-06,1.89906442834075e-05,1.77330815973203e-05,1.15520669170635e-05,3.427545748635e-07,0.0119812910774015,0.462359578867894
4.24834916813152e-06,5.09889881649328e-06,5.1984799747459e-06,0.299524051344117,0.679141886680385,0.0212699914475154,3.82131138753018e-05,3.16600385958616e-06,3.15936766016323e-06,4.98631462820571e-06
2.19144372377119e-05,2.43603493623872e-05,1.2562330150414e-05,0.446212221793608,0.447472984431384,0.0958854968380046,0.010153628426928,0.000199790750103334,1.43391435433122e-07,1.68972517863966e-05
7.4696564177081e-06,8.97880132789601e-06,9.21337088236806e-06,0.171301343418356,0.75700836728392,0.071644630762733,1.94054487675899e-07,5.48840208624333e-06,5.49342083582717e-06,8.82082895302135e-06
1.7086281742826e-05,1.02032388651244e-05,1.53428635343021e-08,0.875771543326631,0.0712204400893183,0.0277446610825256,0.0195261039397792,0.00401568947323796,0.00169372588100255,5.31344033976903e-07
8.30799022346845e-06,9.28856952406926e-06,5.56781556086646e-06,0.6650122030742,0.314713088394635,0.016773202250903,0.00341968564963896,5.25419130655874e-05,5.82551207250173e-08,6.0560871276916e-06
0.596251795561678,0.221857174218766,0.00866053905785433,3.81677939409766e-07,1.88078366446156e-05,1.80407427079254e-05,1.49415276678174e-05,6.94288639537379e-07,0.00464636472219515,0.168531260365907
1.20169197707711e-05,9.53967419785269e-06,0.00101427214307495,0.0113698483441597,4.11120758370385e-06,0.0025201537927937,0.579315032094016,0.401004644154069,0.0047454257187602,4.95595157364406e-06
5.40007427823342e-06,5.72302956431864e-06,8.698995034376e-05,0.00379426602631652,2.32205402686263e-07,0.0210884802824138,0.921213471438535,0.05341660022806,0.000384265435521982,4.57132956320226e-06
2.9070666761224e-05,1.73333650544094e-05,0.00269347832146752,0.0478301525927842,2.52212988192579e-07,0.0405799341528933,0.711264839419468,0.188061547926603,0.00952088623704633,2.50510493405534e-06
5.15566552776122e-06,4.26360663860837e-06,0.000386500530485459,0.00211212950631808,4.09984002859613e-06,4.73197040950304e-08,0.135489696791899,0.845646381496828,0.0163496157595353,2.10948303465167e-06
1.144872320806e-05,7.97913604581198e-06,0.00129264963321358,0.00975327039106934,6.05569662117414e-06,0.00069238063320738,0.400315687341075,0.578976842766668,0.00894125867790019,2.42700099187499e-06
0.240406017155543,0.0454161485529445,0.0184877411631516,0.00041770012007735,2.51728694774124e-05,2.24674936391754e-05,8.6954774196357e-06,1.50506408418794e-05,0.0463032979426105,0.648897708584295
0.133058859277648,0.00340100675366497,0.00166792892375788,6.935350514127e-07,5.19676706106366e-06,5.01990962522451e-06,4.56757828949018e-06,2.90684887869274e-06,0.0168797061450447,0.844974114260979
0.487851158432622,0.0159497239747814,0.00282400431286628,4.20184495963154e-07,6.94615887810425e-06,6.67390134271883e-06,5.90173101121489e-06,3.61121985341492e-06,0.00269818640548091,0.490653373678668
0.575453653128364,0.0707714312485884,0.00614502605626408,3.58066919707082e-07,1.41190907550244e-05,1.35280567600448e-05,1.12883130277572e-05,1.36795285885865e-06,0.00443846351772097,0.343150764568741
6.13542390326839e-06,7.3300254802728e-06,6.99290333453553e-06,0.389700658034176,0.588065661368332,0.0217595349512664,0.000442916569580096,6.73860452417486e-07,3.1826484815614e-06,6.91421499330341e-06
3.13407395415485e-06,3.75597660027619e-06,3.97683106970041e-06,0.102330323128651,0.85044405943481,0.0472039262050348,4.80508862744845e-08,4.11692949435639e-06,2.92291750608981e-06,3.73645199390279e-06
4.97490105337503e-06,5.05488311077372e-06,0.000173261997372643,0.00353465454521523,1.65511390562425e-06,0.00190339776749667,0.769093715971132,0.224605603906126,0.000673728326728388,3.95258785930262e-06
5.46134914573931e-06,6.415390598409e-06,5.28163762679034e-06,0.580675978587653,0.406937557571654,0.0111799427130748,0.00118325312894643,1.18102290558659e-07,6.29453186206038e-07,5.3620658248875e-06
6.89013639474569e-06,5.86027139980692e-06,0.000567175870719376,0.00535946986907085,3.66086464724377e-06,0.000541226736326049,0.495122234328502,0.495253632498139,0.00313661811832847,3.23130647251723e-06
6.35193022183566e-06,5.11204956591097e-06,0.000581466802318152,0.00384149373964695,4.43300001417463e-06,1.67516064442058e-05,0.31420825098572,0.675253805253841,0.00608002704393174,2.30758829687202e-06
0.304945000848646,0.0143837258770266,0.00495612304251546,1.27194748153807e-05,1.01265756915741e-05,9.54494086148933e-06,7.11100023179679e-06,6.19325102190049e-07,0.0102776889717068,0.665397339943403
0.221972156946171,0.00458487777693399,0.0019518762476207,1.04827009091376e-06,5.30052110470415e-06,5.08860075065615e-06,4.48240036830226e-06,2.91118984921119e-06,0.00740654792752681,0.764065710119583
0.402265903489144,0.0079497612841495,0.00213412084659078,6.57224598094441e-07,5.48840269411959e-06,5.27519881493479e-06,4.76939935148728e-06,2.4018657009447e-06,0.00299911872214998,0.584632503566806
6.29127558874301e-06,4.83885246624753e-06,7.05845868637394e-10,0.928213241901618,0.0575132973697372,0.00726559416518094,0.00547124112124571,0.00111089884651024,0.000414355401675233,2.40360131512704e-07
1.90976971856393e-05,1.65080619646073e-05,5.48987063853051e-09,0.755082193429632,0.184159436782217,0.0411226168166729,0.0171688424214317,0.0019616163815492,0.000468601755957049,1.08116351939117e-06
0.694156588369414,0.208193063314516,0.00190621681262288,4.80320650375806e-06,1.05428516128484e-05,1.03389792293462e-05,1.06903047830744e-05,7.68771357053681e-06,0.00103105287247331,0.0946690155752751
0.662769441546764,0.0283895400378883,0.000919223931973225,2.99864715681986e-06,5.1959572899563e-06,5.10806213218843e-06,5.43587359130549e-06,4.72147037649456e-06,0.00050412237469304,0.307394212098135
1.18833236792126e-05,1.41506502433308e-05,1.28386064697217e-05,0.280519599578052,0.641389281376668,0.07685480797868,0.00117960965676591,3.98553196104767e-07,4.34135125282264e-06,1.30889249931565e-05
4.36911118659414e-06,1.88915417155607e-06,0.0587860335328842,0.932364219964835,7.04799943562228e-10,0.00134882295671119,0.00373056456565008,0.00207774761586963,0.00162766282359433,5.86895702977887e-05
1.12460363594975e-05,1.90647262647182e-07,0.102409280553583,0.858930259426518,3.57017820578473e-09,0.00561199392137724,0.0154539738709089,0.00933546634263649,0.00780885436943947,0.00043873126173632
7.79821231925138e-06,3.2804915481829e-06,0.0116672742681744,0.956353539600071,0.0115631980803346,0.00657081603989493,0.00874156305411603,0.00317633169505745,0.0018980006344226,1.81979240615193e-05
0.579910825474198,0.0160874651867161,0.00130501542603118,2.27710151598399e-06,5.05914239860484e-06,4.94607703646987e-06,5.06113189996946e-06,4.19165445735629e-06,0.000834164935186395,0.40184099387056
5.00174622983253e-06,5.03173012267903e-06,4.00185017657463e-09,0.853807482965099,0.136708516337898,0.006209123117014,0.00297263278838468,0.000283621108263549,7.29975537076815e-06,1.28644976754102e-06
4.68778914669734e-06,4.95118099953173e-06,9.56191893493893e-05,0.00325116608968846,6.85055976908972e-07,0.00603244121679373,0.855113069040134,0.135117226088112,0.000376172204248283,3.98214555150811e-06
1.8429950698355e-05,1.35963176983436e-05,0.00139898863212286,0.0223871364827375,2.0675655853156e-07,0.0138479194843249,0.694775249315901,0.261973791883533,0.00557922849650151,5.45267992369396e-06
4.92359845056225e-06,5.37984867206068e-06,2.78550089153623e-06,0.765102453065241,0.225735709520222,0.00685169618783616,0.00220347427270708,9.05358781273861e-05,6.60058763532301e-08,2.97612197607364e-06
1.6739773578357e-05,1.38333381798526e-05,0.000797784482975351,0.0203817448156964,1.57917023400324e-07,0.0322850223545351,0.820112567098674,0.123325546398197,0.00305984461782778,6.75920331335091e-06
6.28164068978152e-06,0.00153807175944221,0.0328028485654183,0.0574557935515785,2.50303540280509e-05,0.00018360411938836,0.0376539675970441,0.432945696887628,0.429598441037407,0.00779026448737599
0.00178783336205451,0.00827917140469389,0.0187248429802917,0.00608650157492817,1.91487463752827e-05,1.17524908870154e-05,0.000126344902204153,0.00605178385084497,0.611809712365458,0.347102908322262
9.38476911237283e-08,0.000874183798889544,0.00432149006620991,0.00243089846711779,6.68502253368492e-06,4.48474281788306e-06,6.2907308227953e-05,0.0232966201491434,0.917647439809278,0.0513551967880911
2.13884547936869e-05,8.40517330507997e-05,0.0150687189938846,0.0425481409461488,1.78951574207112e-05,0.000437764151822611,0.0742940468106972,0.616678424747185,0.250110418320435,0.000739150684561416
0.00612627458072968,0.0134328322665307,0.0213415183828313,0.00468789425029102,2.12848805081277e-05,1.45334271018355e-05,8.86335739810652e-06,0.00252134330175444,0.500575683145143,0.451269772407711
0.0327399120358366,0.0222420538655103,0.0212513994496288,0.00227924182662466,2.39039133593586e-05,1.89745049343032e-05,4.45453913877128e-07,0.000509051452359029,0.2616629174919,0.659272100005933
0.168200580256541,0.638648452417995,0.109301705458562,0.000162437923728866,3.02695545785648e-05,2.60331766324459e-05,6.5060411856503e-06,0.000202261863459234,0.0169014180663492,0.0665203352409679
0.0082594552983173,0.394049132101539,0.553400764434734,0.00430271347519341,2.13512606464662e-05,1.4331843907478e-05,9.00732843830801e-06,0.00161106282700743,0.0168842120505572,0.0214479693796592
2.38670187981093e-05,0.225792660430028,0.769855746483384,0.000608295963521698,4.02937098067449e-06,3.30836548562429e-06,7.79979631043592e-06,0.000294285283692982,0.00193076203847207,0.00147924524932659
0.00249021368227247,0.350952224849365,0.624951941930451,0.00237108995054703,1.26602579238829e-05,9.07966750473402e-06,7.58321262257409e-06,0.000927229698483425,0.00864907580629998,0.00962890094452944
0.000617317808045185,0.183073732326998,0.78768858290509,0.0107360652598321,1.20536606441142e-05,7.36812679044084e-06,0.000132035275082243,0.0015802989005102,0.00919600235969274,0.00695654337731499
0.00451004312948757,0.257360980898026,0.665517107254429,0.0188773156929569,2.61811634300899e-05,1.31261402952295e-05,0.000320828533406744,0.00386642366899561,0.0260541633338524,0.0234538301851196
6.25784315507571e-06,2.70424322104145e-06,0.000897468093243215,0.00341748163659727,5.11700163166321e-06,7.85918245929225e-08,0.0204497794431095,0.841863493730137,0.133357318460783,3.0095629765727e-07
0.0175140679673726,0.0029143873166981,0.00201458879836012,3.95635500710873e-05,5.4629261873264e-06,5.2065893561758e-06,4.06298674043529e-06,1.83541244678333e-07,0.133748214585937,0.843754261738032
1.8214611257948e-05,1.07856160866629e-05,0.00233117981211783,0.0202430443958537,5.65275052270585e-06,0.0032647345795767,0.481566852901718,0.479727576137143,0.0128296221958294,2.33699989439923e-06
2.41192641917756e-05,5.29656877471147e-06,0.00521765332159437,0.0288894111325978,1.04664716593979e-05,0.00182370726522917,0.27849842807162,0.637558722000759,0.0479718753870583,3.20516515460687e-07
0.344001739271217,0.0545883064546325,0.0155531210898638,0.000138042268733734,2.26874638853069e-05,2.07111941527914e-05,1.07511001184956e-05,4.98069298575324e-07,0.0240205812355212,0.561643561852577
1.13888281226511e-05,1.36324697008459e-05,1.27664643592305e-05,0.147640370823543,0.68646335724405,0.165152316586901,0.000687873376504131,6.62165495320647e-07,4.75492669831297e-06,1.28771146257601e-05
3.56287490628322e-07,0.00156186997997984,0.0138115451004942,0.0130865699072397,1.55606468444599e-05,4.20467534393422e-06,0.002668650931348,0.219900342887742,0.734158658391221,0.0147922411922962
3.57591888065298e-06,0.000632086264762346,0.0114405904552828,0.0161090264496473,1.46047992254494e-05,1.52369423852179e-07,0.00667564162898591,0.392652572506722,0.5687616865647,0.00371006304236996
9.89635335722079e-06,7.86695815176091e-05,0.00844113921376584,0.0180730696556356,1.29790357254633e-05,1.81321641910126e-07,0.015899339107928,0.563331419559275,0.393685917997764,0.000467388173389968
9.51124169157583e-05,0.00184234645635658,0.00510868283876314,0.00187143074457676,6.74689222925755e-06,4.80520294988467e-06,8.20422819834587e-06,0.0022161321487342,0.675458708676413,0.313387830394864
0.00228176216590006,0.00378286004188288,0.00476237229413687,0.000654366863768668,6.91789921309069e-06,5.89395169888694e-06,1.0069455992607e-06,1.93632198340236e-05,0.40507575410988,0.583409702508087
0.000436179106495243,0.00238708126413351,0.00496342097000493,0.00136460918954194,6.93717723780421e-06,5.46447096183194e-06,4.78881052669402e-07,0.000795108976599575,0.586317233145705,0.403723486818267
6.23572860452643e-06,1.13711958122296e-06,0.00122194940342401,0.00414962944592625,5.16009020926659e-06,9.04593125643872e-08,0.0118693204252103,0.758978996819984,0.223767372054865,1.08452883217724e-07
2.66686950409169e-06,0.000404015282179751,0.00562275553243216,0.006479855422763,8.4374424107431e-06,2.76793686088523e-06,0.00169455243530926,0.31242702824564,0.670057167608316,0.00330075322458429
4.35057116703392e-07,0.000740898855826121,0.00590842526084977,0.0049122093049721,8.09461877245476e-06,3.9792846208327e-06,0.000664082674595151,0.13570811933053,0.83938133717464,0.0126724184380772
4.67444161367223e-06,0.000110419695993177,0.00487677049751294,0.00857186766279077,7.97765562717179e-06,1.65122943431054e-07,0.00501542356776521,0.489604098341883,0.491217674795435,0.000590928218435964
0.00348294278333835,0.00333025598922576,0.00347328768867548,0.000331149111341256,5.98195231403798e-06,5.34919529482878e-06,2.25100034961887e-06,1.62631913886394e-07,0.31476734250872,0.674601277138827
0.000298629662726022,0.00501712466185428,0.0154614948636255,0.00647905244708595,1.70356236827855e-05,9.73170136100273e-06,0.000181741669312863,0.0109758871114008,0.722573831722705,0.238985470536246
0.238996261180523,0.660712277235465,0.0448434362371769,2.16496180849082e-07,2.13602828646782e-05,1.94853377171855e-05,1.04778696219061e-05,1.49456627202155e-05,0.00850732262752359,0.0468742170702065
2.30659854354992e-05,1.27803133591352e-06,0.00899121031096326,0.0323295242523435,1.48317599856877e-05,0.000547835348705743,0.105233823803435,0.693178686465957,0.159592562694405,8.71813474326724e-05
5.31291385230793e-06,8.32465465846671e-07,0.00195699429066373,0.00477825299557213,5.29822277092641e-06,1.6446992961672e-07,0.00525930429781792,0.674014131112667,0.313979532697254,1.76534006969638e-07
1.46770150139728e-05,1.20082819274494e-06,0.00421966697147482,0.0147441667496125,1.10749627049969e-05,2.17654444461135e-05,0.0471356891291641,0.757182785170416,0.176668410169215,5.63559759365705e-07
8.67368234648248e-06,8.40322094307095e-06,0.000113886699974027,0.00995757536928688,8.37741662310529e-08,0.133061224525068,0.840934935078925,0.0151845665965334,0.000724641702974604,6.0093497820853e-06
2.70065814199921e-05,2.19821899817659e-05,0.000359923768695744,0.0560855556280081,0.00344454055971953,0.277727256965455,0.638860991258818,0.0207946534535677,0.00266799795058435,1.00916437496962e-05
2.66295315892059e-05,2.75637959584791e-05,7.87182194404634e-07,0.0578547116097213,0.0420929928480553,0.590583385894476,0.307500139409624,0.00169995685667607,0.000194138919275084,1.9693952430373e-05
1.21383303398809e-05,1.22817942580228e-05,2.39023146503137e-07,0.0197958862850594,0.0025777257370773,0.397348226970869,0.577213034465947,0.00267043832106744,0.000361007342784228,9.02172945102174e-06
1.00621601886309e-05,1.16392277820921e-05,7.35344048508973e-06,0.0116311358529445,0.0276738299993137,0.744775160976388,0.215879919195929,1.69947429299551e-07,2.33068686415442e-07,1.04961308533608e-05
3.01757917462704e-05,3.25563406557148e-05,9.67371295223057e-06,0.0983190462587993,0.271699407173291,0.562122208784038,0.0673052846942004,0.000457812418163613,2.72946647127429e-07,2.35618795062968e-05
2.86037227592936e-05,3.13450333277101e-05,1.14131993492415e-05,0.181404571665768,0.432585827905928,0.360258983518676,0.0254481219411701,0.000209031171351884,1.28775460423767e-07,2.1973066209394e-05
8.09062892522072e-06,9.52904402480101e-06,7.70933624125284e-06,0.00715982623816921,0.125051560332446,0.813629549505622,0.0541239667734964,2.3019292721464e-07,6.07006567517068e-07,8.93094158088814e-06
0.421863397796173,0.217681678588991,0.0328080467330375,7.56640194891645e-05,3.44629646313561e-05,3.10565820007476e-05,1.29608662089427e-05,7.06182659265505e-07,0.0223994715173056,0.305092554749504
0.174517645992306,0.0177803720234751,0.00845081192416049,0.000145187911570896,1.49549562439963e-05,1.37717774154717e-05,7.61154082732315e-06,1.9956512973785e-07,0.0370675762568533,0.762001868052018
4.39275857905247e-05,1.10463849437764e-05,0.0105825519866902,0.704219153070034,0.0592587979541922,0.093957459841951,0.0960472688531477,0.0243854572816877,0.0114506518981889,4.36851433738329e-05
8.40729800491103e-06,9.96624281926707e-06,8.59894024851458e-06,0.0613454011238401,0.646546316265706,0.29081453244763,0.00125449849818312,4.08754632218265e-07,2.74014469734364e-06,9.13028423832896e-06
0.198896597190222,0.411780269372318,0.139024036944786,0.00309562595551063,5.23921714584091e-05,4.01238563763016e-05,5.86853504577585e-07,0.00128710270037513,0.0527653430315167,0.193057921923932
0.000110425968001138,0.0060127293976389,0.027066699443622,0.0165125411116861,2.5536780282592e-05,7.53722881208086e-06,0.00174906989134364,0.0716701107333771,0.777489966514701,0.0993553829305356
3.05491660961682e-05,9.29052061719677e-07,0.0117955855559972,0.0514814054783067,1.19442084229079e-05,0.0027631693409027,0.20578184045616,0.618333114786908,0.109695648721984,0.000105813233160722
7.92281108173408e-06,7.83592238641746e-06,4.63487776588762e-05,0.00998286092370453,6.08364780184134e-05,0.222381828301138,0.761092601841643,0.00588984989996623,0.000524063056477565,5.85198792497847e-06
1.21750724379851e-05,1.31250316498955e-05,3.054629776843e-06,0.0202277119800984,0.00909131022678796,0.573758636861183,0.39626019470705,0.000567615596854686,5.5684772497027e-05,1.04911216633822e-05
8.6446300768886e-06,9.21861469566466e-06,3.20963156343545e-07,0.0133294572185657,0.0029845699127092,0.491115684938873,0.491677242655989,0.000765942450228894,0.000101541232285328,7.3773834199059e-06
5.67743656559927e-06,6.74494951437253e-06,5.86275864395808e-06,0.00386089220542441,0.0329247084500093,0.832605677485952,0.130583050524479,1.64098159567838e-07,7.63298198204293e-07,6.45879305311034e-06
1.21126974903551e-05,1.38115723990501e-05,8.60558217888219e-06,0.0246757142242881,0.297713540274684,0.6555835081557,0.0219789278431718,1.74348182262135e-06,2.75608071680301e-07,1.17605601933388e-05
1.29316498070086e-05,1.47257487311264e-05,9.15644961265133e-06,0.049261377891347,0.468222352466272,0.472977663432559,0.00948868163398855,7.71221494328153e-07,3.23458119069676e-07,1.20160480686218e-05
7.24205754899882e-06,8.46660068132954e-06,6.66402507794576e-06,0.00869752748958748,0.217037955507251,0.753724376144722,0.0205087401395123,2.57738481585114e-07,9.98913490043361e-07,7.77138364709962e-06
0.357250367926754,0.136780429684913,0.0322598796381111,0.00033836581166192,3.49552769171169e-05,3.10116940042495e-05,1.09167525584009e-05,2.81314718049386e-05,0.0335521376163617,0.439713804126913
0.114228939888271,0.0854257215456556,0.0625950870723219,0.00552997827710434,4.85700394559249e-05,3.53012604731076e-05,5.31378624157525e-07,0.00193278820807866,0.179432578785001,0.550770503545015
4.49593172910927e-05,3.55849228014205e-05,1.63229960198356e-08,0.549253113837105,0.201646136969963,0.171390383372895,0.0690581393732049,0.0067605357789781,0.00180629683369163,4.8332710738056e-06
3.57550871925608e-05,2.11762762486788e-05,2.84313143796403e-08,0.721688335755876,0.121065199052578,0.0894833736236201,0.0549251106681224,0.00929863892642234,0.00348194846121325,4.33717412911201e-07
3.13756678463832e-05,2.59365568017549e-07,0.0396737154693764,0.77655814910463,0.014625385220558,0.0474917343548067,0.0736016256784623,0.0293336986826322,0.0181567906374103,0.000527265818709903
7.3090436762087e-06,8.55255498894592e-06,6.80225000666254e-06,0.0312152136027947,0.572433963391876,0.393768731772435,0.00254974187464858,2.84428310215391e-07,1.81960401352588e-06,7.58147724986863e-06
3.4834444757364e-05,1.00542328379307e-06,0.0115272935519684,0.0635008404598981,6.27018072887576e-06,0.00718423172425327,0.318521521887366,0.527153638713006,0.0719854144716991,8.49491430382932e-05
8.02159465801459e-06,8.10180690103841e-06,1.48527626891383e-06,0.0113381518449102,0.000509741940989053,0.312136280437678,0.67291431451123,0.00272328509721232,0.000354488082693806,6.12940745935614e-06
8.06991047968537e-06,9.15789277375535e-06,4.72402956035654e-06,0.0105064865536952,0.00974724331687568,0.669381303486845,0.310295895670617,3.88558100051742e-05,2.38657623319261e-07,8.02467152458365e-06
8.23448339647401e-06,9.50773863489631e-06,6.9217334709616e-06,0.0199513728690694,0.394968087142391,0.577289161595598,0.0077574059387196,2.24988649595234e-07,8.22355542864643e-07,8.26115452626352e-06
2.67779127460338e-05,2.92963304929289e-05,9.52909145664714e-06,0.063638937035287,0.180814817504741,0.654599509441088,0.100526002601297,0.000332208294453363,2.87023464058377e-07,2.26347649740564e-05
0.274961772245788,0.0966352004394076,0.0351503617258878,0.00102278789807825,3.64480354043063e-05,3.12306206419777e-05,7.21001253118805e-06,0.000189770588690338,0.056571046303061,0.535394172130509
2.50595127480428e-05,2.81931089739704e-05,1.37229509152986e-05,0.226270593037928,0.50862612262229,0.251241062868059,0.0137185127106624,5.54384560563388e-05,1.54264335865581e-07,2.11404680313446e-05
0.187886057265099,0.0746087109071719,0.0380430549239442,0.00182612578552425,3.77445508827129e-05,3.11955719299784e-05,2.70823000546385e-06,0.000404414528021034,0.0926738309079614,0.60448615732946
0.217866987217724,0.220932694197862,0.0960477613338794,0.00437788512087356,5.66630682367137e-05,4.27947783824382e-05,6.03283246589799e-07,0.00153916387249362,0.0884695182770119,0.370665928850289
0.204383970836815,0.138388376195688,0.0673402227623606,0.00338992341078839,5.01739644040431e-05,3.91312075814414e-05,8.45840395677367e-07,0.00103533363474989,0.098980126035574,0.486391896111643
4.85578647197713e-06,5.76256460897704e-06,5.21907578516715e-06,0.48975643285661,0.498482524275813,0.0110898697636334,0.00064774222894811,3.6173699085747e-07,2.0182462992615e-06,5.2134648393648e-06
1.32540999253142e-05,1.52134019902242e-05,1.04979375556877e-05,0.500199071684805,0.45181733217696,0.0438352200975361,0.00406954091146299,2.78876267267232e-05,1.63356413690295e-07,1.18187066244993e-05
1.55746587725519e-05,1.81607438410529e-05,1.3793239335386e-05,0.381912785171116,0.539900347360247,0.0744694625643967,0.00365263774876149,1.32394859727166e-06,6.7800232669064e-07,1.52365626055531e-05
0.120954098759178,0.165399471885019,0.125886704839871,0.0119179291988316,6.48183350507254e-05,4.04448378846726e-05,4.59768035498416e-05,0.00506481169355232,0.172136786217344,0.398488957429719
0.000847024186390662,0.00264613484698614,0.00424404857083973,0.000823270160303711,6.21065200189192e-06,5.19651749867423e-06,3.61367269775825e-07,0.000131341629153085,0.496573950100403,0.494722461969153
0.0133373248906042,0.0403127488513416,0.0799752733783245,0.0247688778836787,5.06999962230208e-05,1.85666464461218e-05,0.00132987786947288,0.0233771248375029,0.495581146361888,0.321248359284518
0.0199764498199635,0.03839187189832,0.0574228121533382,0.012705382983284,4.19637980977729e-05,2.27615696674039e-05,0.000282645846957942,0.00848583493876798,0.4197981600428,0.442872116948803
0.00654961709341786,0.00321162969114716,0.00283137911713357,0.000183522557105472,5.7283246659175e-06,5.26342517122848e-06,3.27675168589894e-06,3.71624336280354e-07,0.223655753045182,0.763553458370155
0.0363751315344892,0.333227132928671,0.426207320864993,0.0256251295658468,5.35762861871669e-05,2.38688185861464e-05,0.000574917029739994,0.00782895556203438,0.0749017425092233,0.0951822249002296
0.0858815077191303,0.514329353497291,0.25685187606139,0.00461527160203129,4.47599383378666e-05,3.15488518594325e-05,7.7415645492857e-07,0.00199593125393415,0.0420623472320458,0.0941866296875254
2.89611180764671e-05,5.60897787559891e-05,0.0195977611093146,0.0673485402999138,1.41620334640966e-05,0.00253998223455769,0.141975143092271,0.584564483476862,0.183073053363425,0.000801823493359771
1.45145524198225e-05,0.000894162016631443,0.138216359640664,0.589599391212485,7.5941372745125e-08,0.0263358513057374,0.096365072852917,0.0772705958645843,0.0658320700001157,0.00547190661307289
3.94587260783793e-05,5.15121810745526e-06,0.0100698119285358,0.0780767272143185,1.90622342789471e-07,0.0169719216763562,0.429653195483515,0.419656658607814,0.0455262431660114,6.413569200836e-07
5.13974463780498e-05,4.6261356139113e-05,7.151236115996e-08,0.210299269187826,0.139426845459898,0.453642519526687,0.188550706895788,0.00668042213124896,0.00128123000391752,2.12764797555748e-05
3.66287127265486e-05,3.73988474486385e-05,6.05923123090535e-07,0.0989405812187239,0.109862312751188,0.586412660380677,0.202338349037547,0.00210213417359481,0.000244295663184689,2.50332917866039e-05
3.86321698636542e-05,3.86219255648656e-05,3.98573047751521e-07,0.379600563271951,0.341636678598882,0.235127560767715,0.0417861646005347,0.00163506317627476,0.000117769221228554,1.85476949380413e-05
0.00388289032165715,0.0192944498699869,0.0491306254690052,0.0190179129712374,3.65372104125636e-05,1.36073426418824e-05,0.00115491936898941,0.0251439910486764,0.623489993563363,0.258835072834031
1.71462428523349e-05,0.00107519791802782,0.0410954843757259,0.098318421903588,1.90965765921276e-05,0.00234915322007089,0.0983200276502859,0.46256963325476,0.290708688781452,0.0055271500766448
3.69293040233668e-05,3.35279188205463e-06,0.0248159419943041,0.10640771963698,3.26875160673283e-06,0.00888216645114813,0.237821572204219,0.490149544427352,0.131018903022571,0.000860601415914323
2.14300482015565e-05,3.2105740670524e-05,0.100417623754667,0.711181449779605,0.000856075725015893,0.0283105240513584,0.0741783040335825,0.0463119597977369,0.0363332839224832,0.00235724314667937
4.91619654261568e-05,3.67315764930746e-07,0.0380454304900543,0.545543329354106,0.0140603703420425,0.0930281758151099,0.192676504688932,0.0774550113591435,0.0383272571397466,0.000814391529673279
4.38029576138615e-05,1.10781493935791e-05,0.00856111437168995,0.0977483756719938,5.88997673388401e-07,0.043338015451237,0.548260610493301,0.272731917599359,0.0293039891969982,5.07110739455911e-07
4.04017575350809e-05,4.08770490993617e-05,2.24269125336742e-06,0.137520071592297,0.187210873739437,0.540872139676599,0.131900906824957,0.00213292023992525,0.000253820991495449,2.57454374005417e-05
4.85160637974285e-06,0.00136509978778306,0.213703030070757,0.621525845434084,1.48456342433066e-08,0.0106741466979717,0.049428146993313,0.0467687413085547,0.050551242082381,0.00597888117314132
4.4643000161989e-05,4.58046174287896e-07,0.0307268414930001,0.657296289187441,0.0239010043469166,0.0835163144491295,0.131141680371958,0.0476180200661402,0.0252656905320704,0.000489058507007513
3.30782919681169e-05,4.77803696915412e-07,0.0730949004248624,0.617889073790047,0.00539745946757656,0.053366239087137,0.130608213703936,0.071389791555405,0.0461232313143903,0.00209753456097969
4.57360109554507e-05,4.40804099814967e-05,1.6511859708298e-07,0.260498760208927,0.263579857794004,0.386142962270587,0.0862140712275049,0.00303310326089784,0.000419863870844282,2.13998277011998e-05
6.32871204874477e-05,2.60182897075713e-05,0.00533946733134618,0.456803736154827,0.0633094639283121,0.207875693672741,0.217115365899491,0.0367757022627572,0.0126905474031403,7.17937189871632e-07
2.561034071863e-05,0.000622547622129827,0.0868819075255985,0.420838520494294,0.000262957221641124,0.0401284627181537,0.186843035934836,0.159561330752002,0.0998672040423362,0.00496842334829057
5.55139018506064e-05,1.4083588461121e-05,0.0107841070733965,0.584644685298595,0.0528294801057682,0.140032681430967,0.158975287192583,0.0370607795709873,0.0155688426940379,3.45391433537411e-05
3.59247122522607e-05,6.8669335275817e-05,0.0686756148673067,0.507265859689148,0.00339086379758758,0.0586216908112581,0.182582189127447,0.11167092753964,0.0650687844967284,0.00261947562335577
5.6941361299464e-05,3.36474783696099e-05,0.00129335489836354,0.513771883665837,0.121145401918719,0.203741252216959,0.135923560833421,0.0180408609830762,0.00599250399603276,5.92647922859046e-07
5.48068662099792e-05,5.54927894842157e-07,0.0314230830753363,0.328571325626959,0.0038282579959918,0.0893091923917285,0.332560541330217,0.158029257713203,0.0555302035310969,0.000692776541362641
4.39931961312831e-05,2.68473551685559e-06,0.0529141238480735,0.407762130584418,0.00267894120745004,0.0672838300161951,0.248280221595722,0.148858868754054,0.0702469548316782,0.00192825123076113
3.78095957799152e-05,0.000235534174532426,0.0525265181507835,0.260369576889623,2.30229525800863e-07,0.033423233138916,0.260688942645251,0.273034958045369,0.116758894896877,0.00292430223334231
5.69344962035584e-05,6.26290867383709e-07,0.0283871961452958,0.423942869707607,0.0117082462923677,0.111431081903722,0.277125291292774,0.10541106081129,0.041451678034344,0.000485015025529328
4.46578140912669e-05,3.73137889114059e-05,0.0476228321115669,0.320209765878241,0.000868952900608984,0.0553346302839224,0.282221200405812,0.205993387196167,0.0857466806596281,0.00192057896105058
6.0687334030659e-05,2.36328815963912e-05,0.00645715786199359,0.235921009069934,0.0144590683006645,0.200023931497454,0.449205678477977,0.0764925060545245,0.0173556759478854,6.52573940358249e-07
6.09145249447231e-05,8.71545933947544e-06,0.0165441612649545,0.470523272224419,0.0300953299003805,0.150734955594944,0.241637995480334,0.0649857911502404,0.0252749713426557,0.000133893057787006
5.19910865816329e-05,7.70389411753453e-07,0.0237356394210383,0.198151188177239,0.000372386152145056,0.054411019276719,0.402401030571263,0.257772328075219,0.0626926378817942,0.000411008968589124
6.19582229470393e-05,8.43244198108881e-06,0.0164024494411109,0.316452488000997,0.0110003186183503,0.143013370823442,0.372645478663262,0.108231973313518,0.0320848623040935,9.8668170298476e-05
6.5124530680496e-05,2.63274707643973e-05,0.00576049477672121,0.336301241924976,0.0354717042500949,0.22502959270781,0.329198805915,0.0530276683517755,0.0151183605063596,6.79565818273736e-07
5.79083770739998e-05,5.8060021349799e-06,0.0155438878120401,0.224409123601247,0.00309843030158276,0.104455905283338,0.451655988209038,0.163919962480545,0.0367853209279001,6.76670051003482e-05
0.00157501118129103,0.0541142358464313,0.484623178081203,0.244512051244368,3.52031068164442e-05,1.84252179621268e-05,0.0157191696930381,0.0425067800612186,0.11426854158489,0.042627403982781
0.000372075931397169,0.0988585532449748,0.840380579754325,0.0380035142805663,1.42759752091659e-05,7.08478828121183e-06,0.000349686140810413,0.00252504771864414,0.0119390626750156,0.00755011949077657
0.00194248374577179,0.167529266839365,0.746899760581134,0.0367059358989036,2.31034641045083e-05,9.49910637990837e-06,0.000677761103723769,0.00467726576846653,0.0241659732321129,0.0173689502600386
3.06251944469711e-05,3.28870057029618e-05,1.02405106264975e-05,0.136308633603738,0.354639819565845,0.464386847023321,0.0440935031843937,0.000473670950838415,1.12989724318415e-06,2.26430638445269e-05
0.0452328162440369,0.101179749374809,0.141730695465204,0.0290063759786462,6.72460705498289e-05,2.67535316417456e-05,0.00113632848890573,0.017036973517051,0.316187014459348,0.348396046869807
0.0276373897575641,0.431034553738109,0.435494020505764,0.00930759370192726,3.76258665067582e-05,2.2449901564866e-05,8.40349303637967e-05,0.00327721354844031,0.0380869058087522,0.0550182122410083
4.71272845402913e-05,4.16827251339005e-05,1.10520526033156e-07,0.151728132405926,0.067756204578352,0.465192048983814,0.304749691156487,0.00880892851165938,0.00165627959670193,1.97942368587085e-05
3.49541500896887e-05,3.32064325451e-05,7.41303117919231e-08,0.530159488752577,0.290721472162659,0.140746554418164,0.0357301747864597,0.00223708764256929,0.000325153972601381,1.18335520237755e-05
0.00089537142084265,0.0100805570818387,0.0338299201274497,0.0165259706898434,2.92915279121589e-05,1.0342418120304e-05,0.00128372110877608,0.0376294163928551,0.720595833898724,0.179119575333639
0.00133570163254224,0.0175837550370674,0.0705829933511141,0.0424118759727899,4.42734955433397e-05,1.51974268155986e-06,0.00604203330127182,0.0921506892197563,0.639403832103176,0.130443326144058
4.86345989255839e-05,4.32858580979836e-05,8.59131421340272e-08,0.397965795756619,0.242130343058473,0.271555100083635,0.0823032403549101,0.0049571355389616,0.000982239473811466,1.4139363425003e-05
5.66774400458977e-05,4.61483361617988e-05,6.30314924105896e-08,0.334986305922277,0.168448633759306,0.335157466934759,0.149242198461306,0.00974845958424289,0.00230121287249716,1.28336579117567e-05
4.71834905963568e-05,9.11943706750624e-07,0.0168964344869706,0.132303564703486,1.84333023579546e-07,0.0336552254775092,0.430962867566572,0.329768819012442,0.0561851220728895,0.000179686912803202
4.41835607434004e-05,2.3307705396364e-06,0.032063098833078,0.176348270313883,1.21841656774157e-07,0.0277689578432754,0.315499991678672,0.344331638772689,0.10281172041533,0.00112968597013296
5.23352828746131e-05,6.7646449056713e-06,0.0127838302009005,0.157772355550973,0.000725903578015194,0.0719809145918472,0.505636943863509,0.214960713807977,0.0360562305214897,2.40079575085012e-05
4.36616809810274e-05,1.77691684783497e-05,0.00552205832520335,0.09874871487355,0.000514233029692578,0.0832634577188914,0.625502097462771,0.168632205782236,0.0177553152194321,4.86738763641131e-07
3.72670927971699e-07,0.0169657305370622,0.442099067141678,0.393974430302203,1.36270138488167e-05,0.000687125578699952,0.0206608590242969,0.0374101642568716,0.0702991484991088,0.0178894749753026
0.000511558042082786,0.0407504823631715,0.590908859509178,0.250983139450908,2.69588879940338e-05,9.91441351133277e-08,0.00872775288472344,0.0229166073867861,0.0616341920324719,0.023540350298549
0.00803086966169294,0.129959147915749,0.530417738632577,0.123071658350066,5.06558910037794e-05,3.31425509448178e-07,0.00597350465821453,0.0256575072317273,0.110231781321669,0.066606804911791
0.0285399348772834,0.0639007945504105,0.0989533433148103,0.0231981649210007,5.72888094167063e-05,2.44041406509977e-05,0.000873868165751731,0.0162030923624241,0.395353989161082,0.37289511969717
0.017790834536387,0.0702020160571424,0.157654472837809,0.0539035375185951,6.70656797488746e-05,9.64781914197885e-06,0.00452673893203232,0.043593760226916,0.408921449648729,0.243330476743498
0.0588932869102311,0.079011848785607,0.0847105904359087,0.0126608978587988,5.45503285383031e-05,3.21808566152746e-05,0.000132717201266939,0.00633609007565086,0.286595557181071,0.471572280366312
0.0373269138831096,0.0431644303367011,0.0469855541676968,0.00680530520432582,3.85795972449641e-05,2.59749695013902e-05,5.71192854443747e-06,0.0029725351338904,0.315630926825755,0.547044067953231
0.0408430684261915,0.188557537150918,0.306646227076649,0.0547177012445487,7.31627643661249e-05,1.72898778561981e-05,0.00277726940285213,0.0227098055220459,0.193889584800922,0.189768353733651
2.79869573273671e-05,2.72898624006762e-05,1.67803167380673e-07,0.0633577551366806,0.0246235832074926,0.515826966186071,0.391455195263731,0.0040394544159076,0.000624041618005951,1.75595492161258e-05
4.25557275587048e-05,3.63762324044429e-05,2.48291084374702e-05,0.123026770963006,0.0346828370380463,0.429490041145849,0.398837726184358,0.0116959952350678,0.00214637748752724,1.64908777455812e-05
5.92231554193763e-05,3.99022458262266e-05,0.000750932380393913,0.240324588919328,0.0505117942299778,0.335210539194378,0.341121954973957,0.0259546023249452,0.00602055604581155,5.90652996261135e-06
4.48795834734214e-05,3.24965918598324e-05,0.000708949241495387,0.126880038014756,0.0153709204750817,0.318626466211197,0.505806079194772,0.0276621656875618,0.00485934500375355,8.65999604878182e-06
0.0058720639584032,0.0330622064988017,0.0952260159814131,0.0427872067440395,5.31154357694029e-05,7.86436058934232e-06,0.00440113620204194,0.0549287781964447,0.549944913706486,0.213716698916011
2.71230611227072e-05,0.000799640522913325,0.0544505578030259,0.180188945806032,4.45306351224334e-07,0.0123813910102909,0.188709075082265,0.373666090965137,0.184906278890235,0.00487045155262687
3.50351659399309e-07,0.0117484241983479,0.257018366137669,0.410558917489687,4.10260228346646e-06,0.00628145732709524,0.0615936257251644,0.0970116835998169,0.133719590565254,0.0220634820030232
0.0233166108276524,0.21445496575886,0.454675876973288,0.0656917444552164,6.04418569984914e-05,1.11667239260234e-05,0.00283857938747131,0.0184299582314331,0.117431021840442,0.103089633944712
0.00208007895197215,0.0329621855616956,0.171630852215707,0.127658722270637,5.31281144156138e-05,2.02074429017634e-05,0.0246079665976797,0.134068184918329,0.411497136259691,0.0954215376669718
0.0763373202552966,0.124699538709981,0.126759077738288,0.01780085178644,6.53961268480534e-05,3.51310934008385e-05,0.000299560822770409,0.0087708090903138,0.245690568628997,0.399541745747664
0.0624308219042437,0.165475748026467,0.207441747483654,0.0339364766958238,7.40224872315655e-05,2.82538310551723e-05,0.00126653304069473,0.0164024838033854,0.228560525080507,0.284383387646937
0.052222596823358,0.273018597140407,0.343061676640123,0.0354697303369304,6.70338596344332e-05,2.52250816027686e-05,0.00112208721393273,0.0125928794020547,0.125560307679002,0.156859865822956
0.102763970941329,0.265655742930922,0.216658567072026,0.0183880657081664,6.96864473894348e-05,3.80708574369314e-05,0.000270393993334945,0.0074198052265912,0.135632564394096,0.253103132428707
6.08623652525177e-05,4.41494298761791e-05,0.000138589900846757,0.299618016254587,0.0980650786448071,0.343874549327486,0.236279601245028,0.0175600761340569,0.00435002814034047,9.0485577191008e-06
4.70081253493425e-05,2.65576840201587e-05,0.00278984606342723,0.128536612260409,0.00590987614839672,0.207662338020388,0.581986752954834,0.0631491921320516,0.00989005705797915,1.75955314450275e-06
3.49120795996982e-07,0.00428130954767027,0.218082852877319,0.519438873456168,3.43045941744572e-08,0.0116437190541641,0.068300299538858,0.0781512379487842,0.088644626105937,0.0114566980457086
1.63770972101623e-07,0.00747169437364784,0.313003874199485,0.500226696391196,6.45307900231277e-07,0.00416188219359305,0.0378527200978165,0.0511682973463449,0.0730036996451593,0.0131103266738853
7.44250509623524e-07,0.00389807301353153,0.156908401117176,0.433144773037316,4.04360868602776e-08,0.0187888614104992,0.11325921527284,0.134351637016775,0.127286964612022,0.012361289833244
0.000101495327153065,0.0194668378550049,0.354404003469679,0.382961684854891,1.29640899202752e-05,0.00190215456299434,0.0355857250786216,0.0653740660049074,0.114255327903182,0.0259357408536466
0.00142217686902291,0.0379537701388838,0.292715604129884,0.242595881381103,3.59201170609847e-05,0.000799206436673061,0.0361084329990341,0.101569936130475,0.227313194668848,0.0594858771290153
0.000399592836136555,0.0257294584321979,0.307362483562836,0.321992734483005,2.01874701070399e-05,0.00210140144894082,0.0434012378464502,0.0924075447700821,0.168416214006555,0.0381691451436895
0.00192010043493024,0.0500040048832568,0.382143221218928,0.246980716905429,3.73403225031973e-05,0.00033404043798343,0.0253351411622754,0.0684610818623196,0.169657145110097,0.0551272076622768
2.13320011550997e-06,0.0125739818807382,0.186135802541875,0.288563474026411,1.16524524344002e-05,0.00538168164369692,0.0789439959358143,0.172315063538272,0.226303981864504,0.029768232916139
0.00579845092623039,0.0897806421245519,0.440643261473866,0.174587742084433,5.04669805561614e-05,1.03892586008679e-07,0.0131938562109802,0.0458211266612747,0.156998234748765,0.0731261148967571
0.0057742938598604,0.0709502656235712,0.333981067074011,0.171946508297406,5.45448282445429e-05,5.66913992935535e-06,0.0189500577422467,0.0705266727731251,0.234532098677073,0.0932788219845322
0.00334622195291737,0.0324162319180855,0.127354257744925,0.0764082193346685,5.62237073717077e-05,2.02198864506361e-07,0.0120967442691422,0.102543305748257,0.508959142214332,0.136819450911436
0.0330461797650201,0.1130096101714,0.205684377343823,0.0526146373775173,7.31418614633623e-05,1.52074364820885e-05,0.00334297143038937,0.0306936538585826,0.307736673180787,0.253783547574534
0.0119409961077511,0.0802142273728565,0.246751049750291,0.102241801093942,6.75989230187595e-05,3.13306057078031e-07,0.0109817156348781,0.0641068329767234,0.327665058367492,0.15603040646699
6.21158349697e-05,3.87318145635777e-05,0.000925000368131,0.408927682293146,0.10503123361072,0.266130935356974,0.19154586137676,0.0210923885308723,0.00624477895718085,1.27185668252515e-06
6.45657087581594e-05,3.5592902523344e-05,0.0021733354614674,0.348932421325807,0.063761475299789,0.271246345059128,0.272361907555099,0.0323102747926276,0.00911328110558275,8.0078921758978e-07
5.58583955163232e-05,1.87420967146215e-05,0.0074529113371513,0.181963018909695,0.00521968399774769,0.152078411519439,0.521944135205721,0.110734695232025,0.0205320515574055,4.91748585366603e-07
2.58348261798151e-05,2.03340169640958e-05,0.000674260455317809,0.0476518713647877,0.00117804061033453,0.200148056628143,0.711373882068372,0.0355242294976541,0.00339429112256904,9.19940967793899e-06
3.89370158930404e-05,2.31631687674249e-05,0.00250657941476467,0.0867457069347221,0.00172071916510345,0.151530177736101,0.667404981984193,0.0810204958138089,0.00900519928084657,4.0394857994572e-06
3.99940804753562e-07,0.00264180768001664,0.315638753255799,0.575150249243562,3.85193973505237e-07,0.00279964860844131,0.0250270313430367,0.0304968389431237,0.0414818643189776,0.00676302147226502
0.00307127277670445,0.045870495470632,0.245924133078115,0.169117753379435,5.14119252869781e-05,9.09350299243415e-05,0.0266254879994009,0.107067957839245,0.312209524937007,0.0899710275642494
0.0162843604787687,0.127557581841123,0.367901238245065,0.106174663080357,6.63618023578548e-05,4.5869248589155e-07,0.00774052763339592,0.0397926951662617,0.205595771099838,0.128886341960348
0.000672242818361283,0.018700700987392,0.109721375971338,0.0934413825483191,4.77489493885418e-05,2.45171753283316e-07,0.0218534154703199,0.170746379230004,0.50763293705411,0.0771835717990137
0.00860336442215181,0.0479730339400698,0.141002329317456,0.0648880201004598,6.16115994208629e-05,3.77836133850171e-06,0.00770166949765713,0.067535983321189,0.470290092483972,0.191940116956285
0.00579150039591653,0.0492863659625166,0.182827978730675,0.0991764108577544,6.18502974761567e-05,1.54813410695766e-07,0.0140979184510428,0.090767890941583,0.416872980788077,0.141116948761547
0.000409789860864074,0.0214584726591072,0.182593035132257,0.197861676404234,3.50405090529091e-05,0.00118607212287184,0.0488817373732253,0.170804541636657,0.323140406898773,0.0536292274029571
0.0145706992178083,0.150195407710216,0.444935607076361,0.10382572155074,6.08429422824091e-05,7.67847935928913e-07,0.00603828387224738,0.0299876420294534,0.150384875564379,0.100000152188577
0.0245908380305356,0.125909151330978,0.280987403391194,0.0785336404202084,7.25435220436445e-05,6.45871823520035e-06,0.00586974747953601,0.0385493336775476,0.26089138788297,0.184589495546751
0.0115851342840826,0.0928929579023363,0.310832807345854,0.123756773410002,6.49396691992765e-05,1.55945886902057e-07,0.0120644449072686,0.0576968633388983,0.260467078821263,0.130638844375209
1.89451442991648e-07,0.00442081509745592,0.0475403719399605,0.0587341205907892,3.21400227382588e-05,3.313841888817e-07,0.0223754961270338,0.298627035478457,0.544779050040131,0.0234904498678028
7.20205686396366e-06,0.000558610779210479,0.016274755578895,0.0287120339796585,1.81381436379914e-05,2.54633379134496e-07,0.0181660936596782,0.46349885859379,0.469825036175906,0.00293901639898063
1.51316469748687e-05,0.00050736982399515,0.023216205770397,0.0517102695215305,2.09822653334708e-05,0.000342675103979093,0.0531491266787,0.526639787978495,0.341567415994809,0.00283103521578544
0.153330710130351,0.527943433673791,0.16146776082591,0.00180749595733466,4.41097716667405e-05,3.46194434668612e-05,6.49203229460485e-07,0.000904521444853636,0.0362204561640706,0.118246243385326
0.00272333707177236,0.0902349675065197,0.613108711492132,0.156019352076313,3.76652063960719e-05,1.24959751482349e-07,0.00581260971765451,0.0206362198994658,0.0735919506309322,0.0378350614390626
5.80391207564914e-05,3.35386889449132e-05,0.00227327365028918,0.214746449602003,0.0256596452117928,0.278826186989879,0.426943731704414,0.0421783650980932,0.0092795867065196,1.18322730709384e-06
2.83857203087462e-05,0.000400474848519181,0.0369274379599603,0.11828138518643,9.5161487008482e-06,0.0061641462710535,0.162452799230215,0.468352974934191,0.20443333758649,0.00294954211413157
3.72882726898747e-05,0.000162675430520823,0.0367733995273824,0.155423623083842,3.46624382860166e-07,0.0158673413141887,0.244925678949192,0.403496853767663,0.141298706946546,0.0020140860835921
0.13483093148132,0.354947999218029,0.20000995638162,0.00951626954648072,6.19303417169411e-05,4.03281116752976e-05,1.8466473300342e-05,0.00372986396787363,0.0872981378207125,0.209546116657272
0.149433337629786,0.237017655522244,0.149227018625454,0.0102416428629396,6.5466431428214e-05,4.26261166228734e-05,1.92785889128861e-05,0.00409093815985396,0.123956575160712,0.325905460902047
0.0968125360354569,0.198679475491797,0.179192592668803,0.0201650598549255,7.08838363222818e-05,3.71371165002579e-05,0.000384595198659343,0.00901218526147013,0.179829340078115,0.315816194457951
1.67445546254904e-05,0.00101345388122963,0.115033736540145,0.504125548447523,0.000114990545001392,0.0331013683259873,0.136857296403819,0.115601512520413,0.0880185279042112,0.00611682087704494
2.12250240185575e-07,0.00968905058876634,0.201186857486839,0.367008132989673,1.02190893212341e-06,0.00900787118312607,0.0847783158170059,0.138339743404139,0.167753830834256,0.0222349635370216
6.48343323827393e-07,0.00457512472022896,0.134613788731899,0.330016530060705,2.31168875984004e-07,0.0143019289635224,0.127052566179672,0.197012923613017,0.177580439215015,0.0148458190037407
3.19746001089792e-07,0.00555753681747476,0.102865829485017,0.196612207473518,1.58233419077111e-05,0.00491239707245134,0.0973666810982038,0.28713536139869,0.286025830618915,0.0195080129478209
2.50396793798535e-07,0.00707802978668794,0.13448121159603,0.259568989010416,8.59438726154052e-06,0.00741743057913018,0.10289980733563,0.22784914507315,0.239224934487687,0.0214716073472136
1.28319777874013e-05,0.00250244921685713,0.0887082366554632,0.243014711211005,3.58151797622986e-07,0.012909084638525,0.153002630086046,0.286177725554423,0.203140919836949,0.0105310526711465
2.02650651154519e-05,0.00135201007329307,0.0866373188773923,0.31923792506617,6.97779841332319e-08,0.0261485443467711,0.189185485809073,0.227004558027022,0.14330168514973,0.00711213780744789
0.000421595629932238,0.0236102607981311,0.227283527509028,0.250924823048406,2.72878130624371e-05,0.00201674619541385,0.0522115427110927,0.141307521598429,0.254494640358705,0.0477020543377992
2.2768494542899e-07,0.0040369178297029,0.0343094588668505,0.0348501185375079,2.8430001174646e-05,1.72846021981541e-07,0.00955776500540958,0.235354791574435,0.653335419399267,0.0285266982546855
1.20741587774504e-07,0.00437237915572951,0.0277606971107344,0.0224308536592575,2.53923277044206e-05,4.18333367632693e-06,0.0040707372491256,0.149001677689865,0.742222502979089,0.0501114557532309
2.27787410752503e-07,0.00533071790441666,0.0736264158943772,0.114386915484179,3.02317519386901e-05,0.000964928411401127,0.0573276457606022,0.327642769603288,0.398852949121447,0.0218371982809402
0.000132282054319374,0.0184925319498097,0.243361195548738,0.315017052222486,1.47584542592747e-05,0.00388302339342044,0.0603595577848784,0.126482470066217,0.197374055763464,0.0348830727624075
6.7708562384673e-06,0.0024185189472505,0.0503506987079994,0.0943033501222498,2.51776438193162e-05,0.00111745935331646,0.0648880457082592,0.407046836486508,0.368954351008226,0.0108887911661325
8.12619333752676e-06,0.0027464496306616,0.0682196727963628,0.145932253398918,1.77735803134767e-05,0.00379978048379707,0.101117601531563,0.368542594513854,0.297931256033068,0.0116844918381242
4.50872851176339e-07,0.0114459660782298,0.12067685793885,0.16046576050634,3.23628193549532e-05,0.00140312966062214,0.0564676729699432,0.239696753968539,0.371795310893303,0.038015734291967
4.45951199062365e-06,0.0120449405540006,0.147520024914006,0.215223817054316,2.30061463091417e-05,0.00317147858957726,0.0719175459726899,0.215741399172599,0.300050249603669,0.0343030784808416
0.000461188747880349,0.0194408817339378,0.13853297108895,0.137150835295747,4.38050631836165e-05,0.000324869608353456,0.03594117229852,0.187013786284767,0.418109658450861,0.0629808314278001
2.57120845019945e-05,0.0105550832049371,0.091636735313281,0.10522322937632,3.92382308998136e-05,0.0002144407621303,0.0353469711979093,0.246091062953787,0.468162183395254,0.0427053434809795
0.324639013098527,0.376988251316701,0.0638199040456288,0.000517180866100016,4.13911450369104e-05,3.57064558716366e-05,8.77625286284525e-06,0.000192435645009599,0.0293559818421736,0.204401359332088
0.303784827870162,0.262014571372585,0.0682819642698968,0.00138557069255425,4.73553793942748e-05,3.93901378206011e-05,5.13923098758036e-06,0.000436608113625453,0.0484035103234775,0.315601062609496
